series_name,series_role,prediction_rows,valid_prediction_rows,positive_windows,empirical_rate,mean_risk_score,brier_score,expected_calibration_error
rate_matched_random,model,10309,1418,373,0.2630465444287729,0.4754971590909091,0.23898832356317398,0.21245061466213622
split_prevalence_prior,reference,10309,1418,373,0.2630465444287729,0.4754971590909091,0.23898832356317398,0.21245061466213622
